WKT,名前,説明
"POINT (140.118946 36.1044419)",柴崎,令和6年(2024年)5月9日 	つくば市柴崎地内
"POINT (140.0707048 36.0105083)",みどりの東,令和6年(2024年)5月9日 	つくば市みどりの東地内
"POINT (140.1233394 36.0990598)",流星台,令和6年(2024年)5月19日 	つくば市流星台地内
"POINT (140.0726882 36.150161)",大穂,令和6年(2024年)6月3日 	つくば市大穂地内
"POINT (140.0136323 36.1471948)",吉沼,令和6年(2024年)6月4日 	つくば市吉沼地内
"POINT (140.1086634 36.1828128)",平沢,令和6年(2024年)6月22日,23日 	つくば市平沢地内
